region;adress
Москва;Россия, г Москва, (м Сокол) пр-кт Ленинградский, д 77 к 1
Москва;Россия, г Москва, (м Серпуховская) ул Люсиновская, д 48-50 к 10
Москва;Россия, г Москва, (м Павелецкая) ул Валовая, д 8/18
Москва;Россия, г Москва, (м Жулебино) ул Тарханская, д 1
Москва;Россия, г Москва, (м Академическая) ул Новочерёмушкинская, д 21
Москва;Россия, г Москва, (м Кунцевская) ул Багрицкого, д 3 к 1
Москва;Россия, г Москва, (м Бабушкинская) ул Изумрудная, д 18
Москва;Россия, г Москва, (м Крылатское) б-р Осенний, д 18 к 1
С-Петербург;Россия, г Санкт-Петербург, (м Проспект Просвещения) пр-кт Энгельса, д 132 к 1
С-Петербург;Россия, г Санкт-Петербург, (м Звёздная) пр-кт Космонавтов, д 61 к 1
С-Петербург;Россия, г Санкт-Петербург, (м Проспект Ветеранов) пр-кт Ленинский, д 76 к 1
С-Петербург;Россия, г Санкт-Петербург, (м Проспект Ветеранов) пр-кт Маршала Жукова, д 41
С-Петербург;Россия, г Санкт-Петербург, (м Кировский завод) ул Краснопутиловская, д 12
С-Петербург;Россия, г Санкт-Петербург, (м Площадь Александра Невского) ул Кременчугская, д 9/1
С-Петербург;Россия, г Санкт-Петербург, (м Чёрная речка) ш Ланское, д 16
С-Петербург;Россия, г Санкт-Петербург, (м Академическая) ул Гжатская, д 22 к 4
Архангельская область;Россия, г Архангельск, пр-кт Московский, д 45
Архангельская область;Россия, г Северодвинск, ул Железнодорожная, д 11
Архангельская область;Россия, г Архангельск, ул Никитова, д 7
Архангельская область;Россия, г Архангельск, ул Первомайская, д 4
Архангельская область;Россия, г Архангельск, ул Логинова, д 24
Архангельская область;Россия, г Архангельск, ул Володарского, д 8
Архангельская область;Россия, г Архангельск, пр-кт Троицкий, д 135
Архангельская область;Россия, г Архангельск, ул Воскресенская, д 17
Архангельская область;Россия, г Архангельск, ул Попова, д 18
